millis,stamp,datetime,motion
1000, 1536840593, 2018/9/13 12:9:53, Inactive
1999, 1536840594, 2018/9/13 12:9:54, Inactive
2999, 1536840595, 2018/9/13 12:9:55, Active
3999, 1536840596, 2018/9/13 12:9:56, Active
4999, 1536840597, 2018/9/13 12:9:57, Active
5999, 1536840598, 2018/9/13 12:9:58, Inactive
6999, 1536840599, 2018/9/13 12:9:59, Inactive
7999, 1536840600, 2018/9/13 12:10:0, Inactive
8999, 1536840601, 2018/9/13 12:10:1, Inactive
9999, 1536840602, 2018/9/13 12:10:2, Inactive
10999, 1536840603, 2018/9/13 12:10:3, Inactive
11999, 1536840604, 2018/9/13 12:10:4, Active
12998, 1536840605, 2018/9/13 12:10:5, Active
13999, 1536840606, 2018/9/13 12:10:6, Active
14999, 1536840607, 2018/9/13 12:10:7, Inactive
16000, 1536840608, 2018/9/13 12:10:8, Inactive
16999, 1536840609, 2018/9/13 12:10:9, Inactive
17999, 1536840610, 2018/9/13 12:10:10, Inactive
18999, 1536840611, 2018/9/13 12:10:11, Inactive
19999, 1536840612, 2018/9/13 12:10:12, Inactive
20999, 1536840613, 2018/9/13 12:10:13, Inactive
21999, 1536840614, 2018/9/13 12:10:14, Active
22999, 1536840615, 2018/9/13 12:10:15, Active
23999, 1536840616, 2018/9/13 12:10:16, Active
24999, 1536840617, 2018/9/13 12:10:17, Inactive
25999, 1536840618, 2018/9/13 12:10:18, Inactive
26998, 1536840619, 2018/9/13 12:10:19, Inactive
27999, 1536840620, 2018/9/13 12:10:20, Inactive
28999, 1536840621, 2018/9/13 12:10:21, Inactive
30000, 1536840622, 2018/9/13 12:10:22, Inactive
30999, 1536840623, 2018/9/13 12:10:23, Inactive
31998, 1536840624, 2018/9/13 12:10:24, Inactive
32999, 1536840625, 2018/9/13 12:10:25, Inactive
33999, 1536840626, 2018/9/13 12:10:26, Active
34999, 1536840627, 2018/9/13 12:10:27, Active
35999, 1536840628, 2018/9/13 12:10:28, Active
36999, 1536840629, 2018/9/13 12:10:29, Inactive
37999, 1536840630, 2018/9/13 12:10:30, Inactive
38999, 1536840631, 2018/9/13 12:10:31, Inactive
39999, 1536840632, 2018/9/13 12:10:32, Inactive
40999, 1536840633, 2018/9/13 12:10:33, Inactive
41999, 1536840634, 2018/9/13 12:10:34, Inactive
42999, 1536840635, 2018/9/13 12:10:35, Inactive
43999, 1536840636, 2018/9/13 12:10:36, Active
44998, 1536840637, 2018/9/13 12:10:37, Active
45999, 1536840638, 2018/9/13 12:10:38, Active
46999, 1536840639, 2018/9/13 12:10:39, Inactive
47998, 1536840640, 2018/9/13 12:10:40, Inactive
48999, 1536840641, 2018/9/13 12:10:41, Inactive
49999, 1536840642, 2018/9/13 12:10:42, Inactive
50999, 1536840643, 2018/9/13 12:10:43, Inactive
51998, 1536840644, 2018/9/13 12:10:44, Inactive
52999, 1536840645, 2018/9/13 12:10:45, Active
53999, 1536840646, 2018/9/13 12:10:46, Active
55000, 1536840647, 2018/9/13 12:10:47, Inactive
55999, 1536840648, 2018/9/13 12:10:48, Inactive
56999, 1536840649, 2018/9/13 12:10:49, Inactive
57999, 1536840650, 2018/9/13 12:10:50, Inactive
58999, 1536840651, 2018/9/13 12:10:51, Inactive
59999, 1536840652, 2018/9/13 12:10:52, Inactive
60999, 1536840653, 2018/9/13 12:10:53, Active
61999, 1536840654, 2018/9/13 12:10:54, Active
62999, 1536840655, 2018/9/13 12:10:55, Active
63998, 1536840656, 2018/9/13 12:10:56, Inactive
64999, 1536840657, 2018/9/13 12:10:57, Inactive
65999, 1536840658, 2018/9/13 12:10:58, Inactive
66999, 1536840659, 2018/9/13 12:10:59, Inactive
67999, 1536840660, 2018/9/13 12:11:0, Inactive
68999, 1536840661, 2018/9/13 12:11:1, Inactive
69999, 1536840662, 2018/9/13 12:11:2, Inactive
70999, 1536840663, 2018/9/13 12:11:3, Active
71998, 1536840664, 2018/9/13 12:11:4, Active
72999, 1536840665, 2018/9/13 12:11:5, Inactive
73999, 1536840666, 2018/9/13 12:11:6, Inactive
74999, 1536840667, 2018/9/13 12:11:7, Inactive
75999, 1536840668, 2018/9/13 12:11:8, Inactive
76999, 1536840669, 2018/9/13 12:11:9, Inactive
77999, 1536840670, 2018/9/13 12:11:10, Inactive
78999, 1536840671, 2018/9/13 12:11:11, Inactive
80000, 1536840672, 2018/9/13 12:11:12, Active
80999, 1536840673, 2018/9/13 12:11:13, Active
81998, 1536840674, 2018/9/13 12:11:14, Inactive
82999, 1536840675, 2018/9/13 12:11:15, Inactive
83999, 1536840676, 2018/9/13 12:11:16, Inactive
84999, 1536840677, 2018/9/13 12:11:17, Inactive
85999, 1536840678, 2018/9/13 12:11:18, Inactive
87000, 1536840679, 2018/9/13 12:11:19, Inactive
87999, 1536840680, 2018/9/13 12:11:20, Inactive
88999, 1536840681, 2018/9/13 12:11:21, Inactive
89999, 1536840682, 2018/9/13 12:11:22, Active
90999, 1536840683, 2018/9/13 12:11:23, Active
91999, 1536840684, 2018/9/13 12:11:24, Active
92999, 1536840685, 2018/9/13 12:11:25, Inactive
93999, 1536840686, 2018/9/13 12:11:26, Inactive
94999, 1536840687, 2018/9/13 12:11:27, Inactive
95998, 1536840688, 2018/9/13 12:11:28, Inactive
96999, 1536840689, 2018/9/13 12:11:29, Inactive
97999, 1536840690, 2018/9/13 12:11:30, Inactive
98999, 1536840691, 2018/9/13 12:11:31, Inactive
100000, 1536840692, 2018/9/13 12:11:32, Inactive
100999, 1536840693, 2018/9/13 12:11:33, Active
101999, 1536840694, 2018/9/13 12:11:34, Active
102999, 1536840695, 2018/9/13 12:11:35, Inactive
103999, 1536840696, 2018/9/13 12:11:36, Inactive
104999, 1536840697, 2018/9/13 12:11:37, Inactive
105999, 1536840698, 2018/9/13 12:11:38, Inactive
106999, 1536840699, 2018/9/13 12:11:39, Inactive
108000, 1536840700, 2018/9/13 12:11:40, Inactive
108999, 1536840701, 2018/9/13 12:11:41, Inactive
109999, 1536840702, 2018/9/13 12:11:42, Active
110999, 1536840703, 2018/9/13 12:11:43, Active
112000, 1536840704, 2018/9/13 12:11:44, Active
112999, 1536840705, 2018/9/13 12:11:45, Inactive
113999, 1536840706, 2018/9/13 12:11:46, Inactive
114999, 1536840707, 2018/9/13 12:11:47, Inactive
115999, 1536840708, 2018/9/13 12:11:48, Inactive
116999, 1536840709, 2018/9/13 12:11:49, Inactive
117999, 1536840710, 2018/9/13 12:11:50, Inactive
119000, 1536840711, 2018/9/13 12:11:51, Active
119999, 1536840712, 2018/9/13 12:11:52, Active
120999, 1536840713, 2018/9/13 12:11:53, Active
121999, 1536840714, 2018/9/13 12:11:54, Inactive
122999, 1536840715, 2018/9/13 12:11:55, Inactive
123999, 1536840716, 2018/9/13 12:11:56, Inactive
124999, 1536840717, 2018/9/13 12:11:57, Inactive
125999, 1536840718, 2018/9/13 12:11:58, Inactive
126999, 1536840719, 2018/9/13 12:11:59, Inactive
127998, 1536840720, 2018/9/13 12:12:0, Inactive
128999, 1536840721, 2018/9/13 12:12:1, Inactive
129999, 1536840722, 2018/9/13 12:12:2, Active
130999, 1536840723, 2018/9/13 12:12:3, Active
131999, 1536840724, 2018/9/13 12:12:4, Active
132999, 1536840725, 2018/9/13 12:12:5, Inactive
133999, 1536840726, 2018/9/13 12:12:6, Inactive
134999, 1536840727, 2018/9/13 12:12:7, Inactive
135999, 1536840728, 2018/9/13 12:12:8, Inactive
136999, 1536840729, 2018/9/13 12:12:9, Inactive
137999, 1536840730, 2018/9/13 12:12:10, Inactive
138999, 1536840731, 2018/9/13 12:12:11, Inactive
139999, 1536840732, 2018/9/13 12:12:12, Active
140999, 1536840733, 2018/9/13 12:12:13, Active
141999, 1536840734, 2018/9/13 12:12:14, Inactive
142999, 1536840735, 2018/9/13 12:12:15, Inactive
143998, 1536840736, 2018/9/13 12:12:16, Inactive
144999, 1536840737, 2018/9/13 12:12:17, Inactive
145999, 1536840738, 2018/9/13 12:12:18, Inactive
146999, 1536840739, 2018/9/13 12:12:19, Inactive
147999, 1536840740, 2018/9/13 12:12:20, Inactive
148999, 1536840741, 2018/9/13 12:12:21, Inactive
149999, 1536840742, 2018/9/13 12:12:22, Inactive
150999, 1536840743, 2018/9/13 12:12:23, Inactive
151999, 1536840744, 2018/9/13 12:12:24, Inactive
152999, 1536840745, 2018/9/13 12:12:25, Active
153999, 1536840746, 2018/9/13 12:12:26, Active
154999, 1536840747, 2018/9/13 12:12:27, Inactive
155999, 1536840748, 2018/9/13 12:12:28, Inactive
156999, 1536840749, 2018/9/13 12:12:29, Inactive
157999, 1536840750, 2018/9/13 12:12:30, Inactive
158999, 1536840751, 2018/9/13 12:12:31, Inactive
160000, 1536840752, 2018/9/13 12:12:32, Inactive
160999, 1536840753, 2018/9/13 12:12:33, Inactive
161999, 1536840754, 2018/9/13 12:12:34, Active
162999, 1536840755, 2018/9/13 12:12:35, Active
163999, 1536840756, 2018/9/13 12:12:36, Inactive
164999, 1536840757, 2018/9/13 12:12:37, Inactive
165999, 1536840758, 2018/9/13 12:12:38, Inactive
166999, 1536840759, 2018/9/13 12:12:39, Inactive
167999, 1536840760, 2018/9/13 12:12:40, Inactive
168998, 1536840761, 2018/9/13 12:12:41, Inactive
169998, 1536840762, 2018/9/13 12:12:42, Inactive
170999, 1536840763, 2018/9/13 12:12:43, Active
171999, 1536840764, 2018/9/13 12:12:44, Active
172999, 1536840765, 2018/9/13 12:12:45, Active
173999, 1536840766, 2018/9/13 12:12:46, Inactive
174999, 1536840767, 2018/9/13 12:12:47, Inactive
176000, 1536840768, 2018/9/13 12:12:48, Inactive
176999, 1536840769, 2018/9/13 12:12:49, Inactive
177999, 1536840770, 2018/9/13 12:12:50, Inactive
178999, 1536840771, 2018/9/13 12:12:51, Inactive
179999, 1536840772, 2018/9/13 12:12:52, Inactive
180999, 1536840773, 2018/9/13 12:12:53, Active
181999, 1536840774, 2018/9/13 12:12:54, Active
182999, 1536840775, 2018/9/13 12:12:55, Active
183999, 1536840776, 2018/9/13 12:12:56, Inactive
184999, 1536840777, 2018/9/13 12:12:57, Inactive
185999, 1536840778, 2018/9/13 12:12:58, Inactive
186998, 1536840779, 2018/9/13 12:12:59, Inactive
